Dataset,AccuracyRidge,Time
AtrialFibrillation,33.33333333333333,2.0363705158233643
